strategy,n_days,cum_return,ann_return,ann_vol,sharpe,sortino,max_drawdown,calmar,avg_daily_return,turnover,n_rebalances
momentum_weekly,270,0.4649867952595923,0.42816415771025707,0.16171956469570484,2.2861737302446814,3.0492409294041747,-0.1600890227006585,2.674537894524206,0.0014671389701346252,16.933333333333334,54
llm_weekly_posaware,270,0.44350663045949457,0.4086103145682447,0.16448336946934763,2.1665896270902043,2.93108974517857,-0.15051273565119794,2.714788969852815,0.0014141585798457706,24.2,54
llm_weekly_memoryless,270,0.45426193306308504,0.41840349827515744,0.16616941319452272,2.188044025196768,2.8683166896431977,-0.16387303296599287,2.553217516648911,0.0014428015544076524,37.233333333333334,54
llm_monthly_posaware,270,0.3887783764068675,0.35870158730190327,0.17272966033236492,1.8619708926028176,2.5039333831253288,-0.13398138796732795,2.6772493757817655,0.0012762603167779166,12.033333333333333,13
llm_daily_posaware,270,0.3485126086596886,0.3218981984827949,0.1647758013167128,1.7770003968659729,2.3877416223747217,-0.1408804729205343,2.284902881213114,0.0011619312076734418,59.49333333333334,270
equal_weight,270,0.28414054855136883,0.26290802328583385,0.17000056787594386,1.4577095456278009,1.8573821547836593,-0.189700643800368,1.385910021278082,0.0009833787720432946,0.0,13
invvol_weekly,270,0.2298601018880433,0.2130126553076752,0.15382433573152082,1.3319212178784425,1.744228740282057,-0.1748923165234909,1.2179646284178762,0.0008130233991542447,6.368746918077589,54
